"Path","Length","SHA256"
"lib\utils.ts","169","D1F1E0D62CB8D8D1E04C26E14DE842D8A151F75812D81B046C65B5D1FE8E4B27"
"lib\settlementUtils.ts","7243","851CD753C9792CEC179820B1DFB8F781FAB54CC1A9BF6F0DE80A636CD9AC455A"
"lib\rotationEngine.ts","8122","B0243C985A25C8BC4387349441D04284DF3E5876CAE47309DD593E799037B184"
"lib\npsService.ts","1506","2CD03CFD1137F4F602AE509F51B2DA3EB6455DAF937B9B9C3849579F336F21A2"
"lib\flatService.ts","18765","0CA4AF9C00C772EE27C336EB43AF06D4ADBFA2A4AE68AF21CFF8DFB8039477FF"
"lib\firebase.ts","1728","E1410C96D67B4B73DBA96947F2B976EF10167108E91A42991112818792BD15E9"
"lib\expenseUtils.ts","3217","7714785B2F9CC3CB3E681A743F184B22F50E1E64F56F178B99954749B8E8A507"
"lib\discoveryTypes.ts","328","84E329BB27866BDC6E383798DC4842FD11DE2E422225DE1CE828589678603DC3"
"lib\couponService.ts","2484","36EE0C68F11B273FF4B556D469F647CF7E2C71E899C76387283669700E5EC4AF"
"lib\behavioralEvents.ts","734","23FAA9ACEC74EEA255F6CF1FF1DB7239B27271BC69E8FC478A4ECF8D6695A4B9"
"components\HeroCanvas.tsx","9139","CA4D8A1E726436C051791B581A33BE264EB2019397BEC6783D9AC2450F6A620B"
"components\HabitiqLoadingScreen.tsx","818","71AB72131358502E449B7ED8FEB5A08A0D328F0F7A45D4EA0B538E89864C686F"
"components\HabitiqLoadingScreen.module.css","1475","2CE7A49D0321FD745D4C49DEE9A693E72A40773D3291374EF2FFE3B82E85B17B"
"components\GoingOutModal.tsx","4753","8CABBF4681BC569A1D5E72FCCEFAD7A9F963F3795859ACE91739672B3F606D93"
"components\FlatSwitcher.tsx","5610","2E6AAD39299E1520A7A03E53259F39F86ADBAB8ADE55C7B623199C40D679BB58"
"components\AuthProvider.tsx","2344","EDF6ADEF75E22597F64CB8100A99C400237602F7EB08C6EDBC9E0010197F60A7"
"components\PWAInstallPrompt.tsx","5430","61E75320F635EAC78B558E36D35A31FE9C0C02CACE07BEA3A626982C25500156"
"components\NPSBanner.tsx","6093","F0C835D46AF200AEE720F6FBDB5AB288C305877B712DF4861A23292A3EE76051"
"components\NotificationToast.tsx","4120","BD50151B1D77B678F8295012E0F4EC92349A868AD8457E3ED1A1F1054AF97D8D"
"components\SubscriptionGate.tsx","10427","B16E136E71ACEDFACA9A8806236AAA0BF86580C53D1CDF4D5A6C75B40B866309"
"components\ServiceWorkerRegistration.tsx","258","3AEA3766BB5A5C956C7E5778848103FB5AED45BE1126B728115419FA7A738A81"
"components\SubscriptionUpsell.tsx","15417","3A009B7FC3940ABDCCD0867A65F65BDF1034DF97B793CCB0FDA0072B0E0B9343"
"app\layout.tsx","11366","6B6504A448D8D070D012B49031FDD80922A8140528BE7719BAB8081B3717AE9E"
"app\landing.module.css","10046","B11A0C211AB7B9183D509299620037620688E126F69869065327FDB6F2C4CFFB"
"app\globals.css","12065","977D14EE274BC2A5564E139604BABDFE12D8DC9C9CABB3414D75620715BECEF6"
"app\favicon.ico","25931","2B8AD2D33455A8F736FC3A8EBF8F0BDEA8848AD4C0DB48A2833BD0F9CD775932"
"app\terms\page.tsx","13214","225B6196D1BF04BB25D5D45121B682CEE7EA2DC25DFC38C2EB8BD3CEBF72AD6C"
"app\sitemap.ts","527","48F52DCEE29D42ED224D8360293D4722BBB270D5E1ECB11B33B94A73B804ED90"
"app\robots.ts","424","BFE3BA93CCB8708D96BB5681BC59748BFF0B570728473E294A47A27BEC35939C"
"components\ui\testimonial-slider.tsx","12348","E86187FC23C5DED31255FB147B658143DD2506066A82982553D211D445BC35BA"
"components\ui\navbar.tsx","32344","C27AD54C05F5046326F6FE2C7B158548D82A73FA1C60ABA146FFD9D4B5648584"
"components\ui\label.tsx","502","17C4BD996D8A32B0AB3D0AD2D9FCCFFAD24615FDD87D536034D6EA6C89D64213"
"components\ui\input.tsx","842","F386434537A44662082650024FA339F7F3AB902F28A034CD3F770EDF77B97178"
"components\ui\container-scroll-animation.tsx","2593","25208D5C9517CFD27EDAEDCBE6465DB5E1708C171BDC1D55E485D91FF982AE62"
"components\ui\card.tsx","1883","7E12E38A71B9823CAB4107602B6AD4531A7C927DD558CF20A56FE9312A9436AF"
"components\ui\button.tsx","1727","23080CD07713E849CF734ADC2A3F9FEAA712FBCCAD4D795DCFBA8BE26C57B36E"
"components\ui\animated-tabs.tsx","4759","4957EB29C0C649C072A114893FDCB922C8BA32A425A86C4B25E814CBE761393E"
"app\opengraph-image.tsx","3113","F077D0EF0BB55138B7422A5EC19327E00E68AD40A247AACBE35545C0368D0947"
"app\privacy\page.tsx","14668","874B3741932CBBCDE7A6BB8749FADC4D5285C1983E504F9292294B2E1A6C0E8D"
"app\page.tsx","57186","C1FA27F1A2B62ABD5E1A5DE252B6A3D5B7CE7EC8581BFD59AF00FC9D9F8C6F83"
"app\dashboard\activity\page.tsx","14263","A9F4DE02F3EF4B2799CEEA3994F11267E80B27B7A62ED24AB765C612F212D5F0"
"app\onboarding\page.tsx","16514","5A111AB5CE4BC71C840C360C12EA8360D1B497AC65AB975F4FB736FFBFB4F910"
"app\dashboard\tasks\page.tsx","83027","8DC9553CC4E648D22C1FC5B3717D329E0C040D9F52424DE491695A0F947A8A4A"
"app\dashboard\about\page.tsx","7965","34ADA39ED24D07AA476ECD0897381B7190F054E2BE3052DC314E36BFE87DEF65"
"app\dashboard\swaps\page.tsx","20831","F367522764DA4856EB101DE9722DFBDCBA6898304C65A0C98B990CAACD2F77BF"
"design-plans/2026-09-25-audit\README.md","6913","03BABF41CFF33B8D501093A0126770488A4DC43A70C4EF16DE7C46C8F417BE1C"
"design-plans/2026-09-25-audit\preview.cjs","536","41701B397E579D63B385075485F25011A3A3E2D69CAE7F1A09A8AB8CCBA3209B"
"app\(auth)\login\page.tsx","120","D16FA39D57B6E1B365A32116E8A06B620B53C3B119D5F328134A0CE72C7BC6D4"
"app\dashboard\settings\page.tsx","23928","3C48A36FF50E823B53E027B4A7A98AB4EAD96347D7FE3681BE14076662476130"
"app\(auth)\join\page.tsx","238","0C000689248A762335BD11D7A7017793609061866CB4650CD2E43CA2026621A2"
"design-plans/2026-09-25-audit\04-visual-specification.md","10063","F578395CCA9B18B62C1C760163B2078F29BF5CED481C6AFE39265886801ABBCF"
"design-plans/2026-09-25-audit\03-implementation-packets.md","14654","1D6B519C18EF03C97753F6DC6CADFABCBB0BFB17B75077CF3A9989535D3D8D27"
"design-plans/2026-09-25-audit\02-architecture-and-flows.md","13573","2B38F3B3E798ACBA6B8A4DD61DF12294F3A1117B958D7D5CF613E1114D09515F"
"design-plans/2026-09-25-audit\01-audit.md","16965","07F44011C3C542E5B2FB6DC2F6E33FED274DE9D408838D0F585A25255EF7DF33"
"design-plans/2026-09-25-audit\00-ANDROID-FIRST-MASTER-PLAN.md","20639","FA06813A194450EF1269B5E81434A50EB88B0BD0D718287970B18A9D5CABF213"
"design-plans/2026-09-25-audit\06-brand-and-dashboard-continuity.md","11191","D19CE549F31C88FB6EDE81710DEC50D6FCCD2732287DFB8E8EACBECB8FE7EF66"
"design-plans/2026-09-25-audit\05-verification.md","10064","484C5A7DB9538BCF5A2FA284446F605450CC6AD12FBC92B80680B611BBC629AA"
"design-plans/2026-09-25-audit\07-IOS-NATIVE-HANDOFF.md","8693","3DB9A861540DFD4E377D2E01C5C2AC92542C1B8943B736507491D72D9F96701A"
"design-plans/2026-09-25-audit\08-CONDITION-AND-PERSISTENCE-MATRIX.md","6090","8D1821910CEEA5223303E04FB7864C33901A35A697535ECB84A1F89FDCEB416D"
"app\api\pwa-icon\[size]\route.tsx","655","F68FB52F012CD219C7D3DDD1318EEC4A748F0DDC345A7F793FD0FC8E8FA116AD"
"app\dashboard\profile\page.tsx","31062","86E756F346FA416C50454A9590A625DA429657C4616994957F8775B2CB35C1BF"
"app\dashboard\page.tsx","70085","14724816B68B6FDA16417D31FE23D4487C8A8F026B819E7814AAFD6E1B3D6BA7"
"app\dashboard\insights\page.tsx","41635","833DAAB7D813CDC0A5882E622C8D02540ACC710BB6C51004401163E2DAB37B56"
"design-plans/2026-09-25-audit\evidence\tasks-mobile.png","35985","A896E86B3739F0A521ACB93D776D72BC1B24BA3879935C577742B633861B3A58"
"design-plans/2026-09-25-audit\evidence\swaps-mobile.txt","74","892228F188AEE4F112ADDD2EC4A4EB75C97D8CCCB17DB247627278A84DB9FEF7"
"design-plans/2026-09-25-audit\evidence\source-inventory.csv","21153","24CCAD73CEC710F15F4183C7D9472FC36A38A11F93B8C6DD32ADF2C061ABB77E"
"design-plans/2026-09-25-audit\evidence\profile-mobile.png","34401","970F8C757D89B2787F821BB4154E55D369F97CDAC3D4CF2A7902BC8DBADEB014"
"design-plans/2026-09-25-audit\evidence\members-mobile.txt","74","892228F188AEE4F112ADDD2EC4A4EB75C97D8CCCB17DB247627278A84DB9FEF7"
"design-plans/2026-09-25-audit\evidence\landing-mobile.png","40112","160D3983AAA790B2AB5919E79E9E1F6B4C903C7BCF4A2C390AE98BD4C0E2773F"
"design-plans/2026-09-25-audit\evidence\insights-mobile.txt","2973","A2C3DA4ED102CC0EE4B49EF56FF019B462119F8FD9425027ABCEC9CF2C1C39C1"
"design-plans/2026-09-25-audit\evidence\insights-mobile.png","32877","4D9D900E14A137648742E7ED4A70D6AFCF41A78D3B373C64E7F358BD55566E50"
"design-plans/2026-09-25-audit\evidence\expenses-auto-prompt-mobile.png","46668","ACA6CD38252C685C155253054091D1D80E40FFB49FF148B8574E26087C06D3EF"
"design-plans/2026-09-25-audit\evidence\expense-form-mobile.png","28868","6A53C8737381C216C8ED14C0902F4FA71465002108EFC49A3A8295CB0D3C775D"
"design-plans/2026-09-25-audit\evidence\dashboard-mobile.png","39677","3096A29843F43333B6BC99B64C62404D7064F5532C6730FE43F81C278334B5FA"
"design-plans/2026-09-25-audit\evidence\dashboard-desktop.png","55730","AA6D4070514C947DE0BBE57CC9CB8C037E4C7A9288CF6BD4E3446D6B34B16752"
"design-plans/2026-09-25-audit\evidence\activity-mobile.txt","74","892228F188AEE4F112ADDD2EC4A4EB75C97D8CCCB17DB247627278A84DB9FEF7"
"app\dashboard\manage-flat\page.tsx","15880","84DC5378E421CA5F2AF917D24FDAED4640DFC837BBDAED4BE238E27170EE09F2"
"app\dashboard\layout.tsx","16056","B0CF7B7B003CF3457A025DEC80CAF48FC830DE115465AE3085DA5EC4CCC4130A"
"app\dashboard\members\page.tsx","31431","4BDB8BAD954D19F3B3B81496DD2427ECC5064F0F06387849E61F266236FBD897"
"app\dashboard\members\[uid]\page.tsx","9056","28CD78B2BFC40E11B5A38BEFE10860C05EE9CC2E20F84C21D3D0AE97B077A10D"
"tests\accessibility.spec.ts","2879","009D76D8C352959FA6F30D2B906673BBBF023716DCC2325953D49A3F7BE692F5"
"tests\auth.spec.ts","2073","1D71D7FDD132A8105E0F4EAA8687312C5FB971540F4D6E8DE155716766AD6973"
"tests\tasks.spec.ts","2563","65B062CDF1A714E5E88362E98BD0D47A604851132DAF015FA37B388A67A629D6"
"tests\navigation.spec.ts","2356","7977698286279A4467A6258FA23872A08AF8BB94E87584731DCDFE5C60910166"
"tests\members.spec.ts","2842","D2F79CE1D591F7B57DC20DE1409808E7DCF0104195DC9DF75A2A83B04BE2E534"
"tests\helpers.ts","2630","AD66CD14F0512080ED7A83C375BD5F0FDD9A74CF1D9058D35683A212219D0457"
"tests\expenses.spec.ts","5900","6DE9A1DFC1496CB345A99BD6AE5FE3FC408D193D371B6A4A58CE5CB9311432D8"
"app\dashboard\expenses\page.tsx","266984","0C6CC94B49774D3AEA81BE5843F18682D8767F4A89FEE7C049C98E885241AE09"
"app\dashboard\calendar\page.tsx","124","00212910FE7573D39941A2F43B9D13378722090BEB8A687641EADB49765B1114"
"app\dashboard\analytics\page.tsx","125","5BBB64F6FA65A6012BE00ADDD8A3F2649115828A77DCE1334675CB6F320883E8"
"android/app/src/main/res\values\styles.xml","223","88B6D9D7020176EB0A1E0DB5D906D405A8B9E2AD0FFF2E25DDA4E01935341F27"
"android/app/src/main/res\values\strings.xml","214","E39EA5E60958D38E32FCD240DA7510DBD124F9B3A20EDC647A397B996E9BA8C9"
"android/app/src/main/res\values\colors.xml","121","6108FBCC26C8E900B860E207AA0361D1AA13385AD4CA62F436F759FCC345EDFB"
"android/app/src/test\kotlin\habitiq\app\flats\FlatIdGeneratorTest.kt","2076","86DC232DE75DCD7702518C5F1E5758529D4E86BC081EA323E113FD1CB288B66B"
"android/app/src/test\kotlin\habitiq\app\flats\FlatErrorMapperTest.kt","1235","DCB4ADA061B984FCCC209FD92923B877B5CBAA586153DFEC45826EAE265FB81B"
"android/app/src/main/res\mipmap-xxxhdpi\ic_launcher_round.png","40287","30B851E63F2D7A7D24092587997F14A92053C210CB4C337E3473B0D873160987"
"android/app/src/main/res\mipmap-xxxhdpi\ic_launcher.png","40287","30B851E63F2D7A7D24092587997F14A92053C210CB4C337E3473B0D873160987"
"android/app/src/test\kotlin\habitiq\app\data\UsersRepositoryTest.kt","611","A6F5BCB713F466B0FE442B392983829BF9EC3684A0264FD02C96BC4E336F6179"
"android/app/src/test\kotlin\habitiq\app\data\DiscoveryRepositoryTest.kt","647","CE3829A793E5ACF3C8FE560E2CC28BE814900ADE05724CEE6E637B3028D3208B"
"android/app/src/main/res\mipmap-xxhdpi\ic_launcher_round.png","24657","7C99AC12BC3BE087F06A698BD24C98C3AC88507B0C4BAC83876A79674037C9B5"
"android/app/src/main/res\mipmap-xxhdpi\ic_launcher.png","24657","7C99AC12BC3BE087F06A698BD24C98C3AC88507B0C4BAC83876A79674037C9B5"
"android/app/src/test\kotlin\habitiq\app\auth\AuthErrorMapperTest.kt","2070","101BC6E5FDF429EF9F3219BD90621F6527EE5F50405A0D2D5C91EA25B0F001C3"
"android/app/src/main/kotlin\habitiq\app\ui\theme\Theme.kt","1929","838575D4D2787B557A36553AFE573CC96D9809D48BFEEA1BF8CADBE8A404928D"
"android/app/src/main/kotlin\habitiq\app\ui\theme\HqTypography.kt","3376","A15664866F7A63138DDA8DF6F621967226E1958725D531CF8AA9919110F05135"
"android/app/src/main/kotlin\habitiq\app\ui\theme\HqSpacing.kt","1571","C6E050733A43EF416239EACD7388B8094A16A3AF2DF0BBE505ABA3A03FC218C5"
"android/app/src/main/kotlin\habitiq\app\ui\theme\HqMotion.kt","2703","9415AEDA0881781F499E6DC73E2C8208B55A38DC29CFCFB52687858B3049BB20"
"android/app/src/main/kotlin\habitiq\app\ui\theme\HqColorTokens.kt","4893","C1A9474583844177E9FB249305D2753CE38EFC0DAAC7DA802B7CDB7C18F1771D"
"android/app/src/main/kotlin\habitiq\app\ui\theme\FigmaColors.kt","1336","5C54D550CD673C7C3732F461AC2752E4EF15B547D7931257985CC5B78DA89376"
"android/app/src/main/kotlin\habitiq\app\ui\theme\BrandColors.kt","777","AF8931ABAF93DDA557A54EF3E73E6C130DDE5DBD11348E3A0D487B2121B2116C"
"android/app/src/main/kotlin\habitiq\app\ui\TasksScreen.kt","14176","DB950E7EC2FCB4A5157A083AF31E9F103FDA9CB6F5D02EF3A191A139EC8D22B3"
"android/app/src/main/kotlin\habitiq\app\ui\SignupScreen.kt","7465","8081BC20277B4F49FEE78B400D73E0FA166C4EC3E309913FF4FEE7B99FC23CB0"
"android/app/src/main/kotlin\habitiq\app\ui\SettingsScreen.kt","5079","AC95D4FDA6C3C590EE0130CC091350F532158EE0FF21F719C5EEDF14398F3FAC"
"android/app/src/main/kotlin\habitiq\app\ui\ProfileScreen.kt","23535","7B52671733E73A5AE7263A7ECEDB33308538C695BADF3F445D593DD4B1F0F978"
"android/app/src/main/kotlin\habitiq\app\ui\PlusActionSheet.kt","2107","FDB1E3CC166E268914B67648A03C42B81096F9C126154C03224B34F65566EBEB"
"android/app/src/main/kotlin\habitiq\app\ui\MembersScreen.kt","4354","013438285E1545796D8C7C77E52BF0ED168D001770EF1CFD8B3AF9237015C156"
"android/app/src/main/kotlin\habitiq\app\ui\ManageFlatHub.kt","13844","24094DADF0B07F7360C2B0CFBB7B5207B0A545888AD904BA6E353DA3D1B37381"
"android/app/src/main/kotlin\habitiq\app\ui\LoginScreen.kt","6617","72DCD1785DBC5DAB1D2F0F42B8420D61E4CFABD03A320D95A89F341E89E38ADC"
"android/app/src/main/kotlin\habitiq\app\ui\JoinFlatScreen.kt","6236","4F603F86391227B712FA42CEE8220BAE5473D799E317EED1CFD341B154A60967"
"android/app/src/main/kotlin\habitiq\app\ui\IntentChooserScreen.kt","16328","58D11BDCFED2E0E7E772040209A979CE6883E3DCA45A2A98E2C85D463997C0BA"
"android/app/src/main/kotlin\habitiq\app\ui\FlatSwitcherSheet.kt","1634","AC9E57862A67783286A1C8F3B7D15DA45BE3C4BD37F74AA3CF1A1825AF4B4894"
"android/app/src/main/kotlin\habitiq\app\ui\FlatSettingsScreen.kt","5557","2C01536F231CAA726C50D131D1301840DB25817568A650620194898162AC7C96"
"android/app/src/main/kotlin\habitiq\app\ui\FlatOnboardingHeader.kt","4335","5547C9A4AE3712A23CF8EC18CD921C5023F2AA3B03AE272758449B4123398C4D"
"android/app/src/main/kotlin\habitiq\app\ui\FigmaHomeScreen.kt","27571","B4D0ADE12E89C30B62D1A61C36F2FF058CA2CCB6A526E8B66DC9E4CBEA066C22"
"android/app/src/main/res\mipmap-xhdpi\ic_launcher_round.png","12857","4F4488C8EEAAD241726F5F0E17EEB723D7753960684BC33C5DF5399ECBC8E524"
"android/app/src/main/res\mipmap-xhdpi\ic_launcher.png","12857","4F4488C8EEAAD241726F5F0E17EEB723D7753960684BC33C5DF5399ECBC8E524"
"android/app/src/main/res\drawable-xxhdpi\ic_launcher_foreground.png","110345","B1DB47947F8AD8144CF6785C6FB93FD2D93B156113930142F37010EB4A32934A"
"android/app/src/main/res\drawable-xhdpi\ic_launcher_foreground.png","49767","170858C53205AA096350A35B81DEC10585162B22409E1C14CD41DCBD3E469B52"
"android/app/src/main/res\mipmap-mdpi\ic_launcher_round.png","4482","42B05A26CD3D19518404C6446DA2225BF4029288F84A5F4CDCF20748E9D49F03"
"android/app/src/main/res\mipmap-mdpi\ic_launcher.png","4482","42B05A26CD3D19518404C6446DA2225BF4029288F84A5F4CDCF20748E9D49F03"
"android/app/src/main/kotlin\habitiq\app\ui\figma\TaskDetailScreen.kt","13434","69117CE0B228B93BA0784803EBADD5199B31C1EE91DEA4087C575301B3249A08"
"android/app/src/main/kotlin\habitiq\app\ui\figma\TaskCategoryLabel.kt","678","982A2BDB8F67A17E4EBA7DFFE4897A8F79822F4E9794DB2F42932A0C1BF05B8C"
"android/app/src/main/kotlin\habitiq\app\ui\figma\SwapRequestBanner.kt","2672","0F0629122DD7DFE28D85B2E257A9B9AF03860846E9E93F278A953701B331CB8E"
"android/app/src/main/kotlin\habitiq\app\ui\figma\MapLocationPicker.kt","2931","A79BFD34DA97B9AC1A8D8A2F448D464D184FE6F9F24428B402C12DF455E274A7"
"android/app/src/main/kotlin\habitiq\app\ui\figma\GoingAwayScreen.kt","10343","50DD9763A5FBCA34D54BEF27DCD60C5A0B8317E4404A432D4B857891D2F02D17"
"android/app/src/main/kotlin\habitiq\app\ui\figma\FlatWizardHeader.kt","7873","9529FDC8A6EF393BBB422B5D3F03247F652D4F2849BD95676CE4960B730C80B7"
"android/app/src/main/kotlin\habitiq\app\ui\figma\FigmaPrimitives.kt","6592","FBC42E607189D3BD947575452D3A669899E6C0A13A7E05DFF4DBE0BBC0DC7886"
"android/app/src/main/kotlin\habitiq\app\ui\figma\CreateTaskTypeScreen.kt","5659","C718C8AE17A1605EB0AF5E9541A38F77A6762D196B1273C23470FA4D899E90D1"
"android/app/src/main/kotlin\habitiq\app\ui\figma\CreateTaskScreens.kt","11611","EEEC62A0043D3137B837EC4DECD62D37C8E421B963DD3C352C9E576EA1E35127"
"android/app/src/main/kotlin\habitiq\app\ui\figma\CreateFlatLocationScreen.kt","4454","7262A64E09183498927D07666BE86F8C034938022E5AC2DE6784BD18F9333E1E"
"android/app/src/main/kotlin\habitiq\app\ui\figma\CreateFlatBasicsPremiumScreen.kt","6120","AF912C823362C373251EC693A8E48C1E15B6E1A492D6733EBDED3BBB25B6F291"
"android/app/src/main/kotlin\habitiq\app\ui\figma\CreateFlatBasicsBrilliantScreen.kt","6777","82A895C71FD98060BEA620C9948A1954F56F5E772BBCEE69B107FA3F7CD6A72C"
"android/app/src/main/kotlin\habitiq\app\ui\ExpensesScreen.kt","17771","E2BD401CF39ABEC2796D9209264EEFEC81022E661D37F36D1F0A933A9F44F3A2"
"android/app/src/main/kotlin\habitiq\app\ui\DiscoverBoardScreen.kt","48364","014E1CF53401DCCCF6E153F659E91724CCAADE6C847282B93A56ECF7ED2BEA30"
"android/app/src/main/res\mipmap-hdpi\ic_launcher_round.png","8210","493DA65182B83312988BFC2A4D1CEBAE01C44322488A6A9A2C08F252F2880211"
"android/app/src/main/res\drawable-mdpi\ic_launcher_foreground.png","15624","07CAD0431042872FD208A2A15ADC3BBDD7945DB5828B163C089BE6E245533C11"
"android/app/src/main/res\mipmap-hdpi\ic_launcher.png","8210","493DA65182B83312988BFC2A4D1CEBAE01C44322488A6A9A2C08F252F2880211"
"android/app/src/main/kotlin\habitiq\app\MainActivity.kt","2689","904F319FB1959A4B238315786C3C80A41A2B262DB0E606FB2556FADE4E540E02"
"android/app/src/main/res\mipmap-anydpi-v26\ic_launcher_round.xml","270","32715FF646F6B9FEF7C321138E4A14556C4A1F98A87B06070B56F41643DAD718"
"android/app/src/main/res\mipmap-anydpi-v26\ic_launcher.xml","270","32715FF646F6B9FEF7C321138E4A14556C4A1F98A87B06070B56F41643DAD718"
"android/app/src/main/kotlin\habitiq\app\ui\CreateFlatScreen.kt","5438","47281FAC586E259C1DCE106ADF31C6781A7323F95C37341818AD526D9C5C341F"
"android/app/src/main/kotlin\habitiq\app\ui\ComposeUtil.kt","325","5EADD7B48D8CCCD6CE32248E40467D2B366721CCD9FF311C2E85216F86913F62"
"android/app/src/main/kotlin\habitiq\app\ui\discover\UseAFlatDiscover.kt","16189","E6A8F25D41533FD26B0145FAAD025D1DA6216E56AEA824F1FF210279BDDBBD42"
"android/app/src/main/kotlin\habitiq\app\ui\discover\TrustBadge.kt","3493","2421DF00115F48D32CBE48CBCC01CDAC3EDF8708640D76CA194489A4D8C6CB44"
"android/app/src/main/kotlin\habitiq\app\ui\discover\MyPostsScreen.kt","6737","82D0B3FEE0CF1D31BFD6990DD91B024F57C353D45B7BAD8488F58737200A7098"
"android/app/src/main/kotlin\habitiq\app\ui\discover\FlatListingDetailScreen.kt","12129","A376B3464D521F128E272BC5A988928436F44B35501CA11D6693B9F41902866E"
"android/app/src/main/kotlin\habitiq\app\ui\discover\FindFlatmateDiscover.kt","15083","4AF7A2CE8D1D35FFAE3C79BB1EA404C10CF1F16B11C7343CAA92B5C8B39B8963"
"android/app/src/main/kotlin\habitiq\app\ui\discover\DiscoveryStates.kt","3642","E0B47916F68A6A9E322EB055217EA429583B464F11704D095A44D72C29C081AB"
"android/app/src/main/kotlin\habitiq\app\ui\discover\DiscoverFilterSheet.kt","9907","51B56D904563D7BF480420A3F0004C70A744E2B4B1FA16B231C2CA8D8CFD5E3C"
"android/app/src/main/kotlin\habitiq\app\ui\discover\CreateDiscoveryPostScreen.kt","28918","729DE3D73E5A55B01750489D1EC97C5EA2A08C44F360A88FF9F1A8FBDC815903"
"android/app/src/main/kotlin\habitiq\app\ui\discover\ConnectionSafetySheets.kt","6124","C771C6EA64BB8602A7A1221037733393BD6BF673D740867997DF333B3BF76C80"
"android/app/src/main/res\drawable-xxxhdpi\ic_launcher_foreground.png","189887","6F3FCEF9A0949CEAC4041742E8C5D94058B637FB182C5BAF9B911B09A512EBE5"
"android/app/src/main/res\drawable-hdpi\ic_launcher_foreground.png","30117","28E5B07F23210A7DF5BBFE67EFFE180138CC216D8EEF46679E4029297C5979BD"
"android/app/src/main/res\drawable\onboard_join.webp","150274","989AFFC9D0F2F257531104407757BC313D7D697FEE0F04E3142433435BB845B8"
"android/app/src/main/res\drawable\onboard_create.webp","111386","FD9328C2522DC364D048EADF4D71E828880259CB7CAB6FE49730668E96922957"
"android/app/src/main/kotlin\habitiq\app\lib\RotationEngine.kt","1975","885C2E69ED7C02D1BCEC595356140AF637BD588A51BD20E54A7BBA0CE7313E71"
"android/app/src/main/kotlin\habitiq\app\lib\TaskDateUtils.kt","2195","EE51DB11C0EDE844D7296F778689C39A2CCDF2C6E427C12DC8FE941005D96391"
"android/app/src/main/kotlin\habitiq\app\lib\SettlementUtils.kt","4767","21A4FB8DA6BBBC323EF2DAE468BD411A291B8ACF05D9D613FEACCC37D3B57875"
"android/app/src/main/kotlin\habitiq\app\ui\ActivityLogScreen.kt","1694","80760E9DFABFA38E913D7BCB5CC16D230F66B9376141C30E275396D79577420E"
"android/app/src/main/kotlin\habitiq\app\discover\LocationIntelligence.kt","4444","670D73FC2BAE3966AF49D9354A955AF4E6DF31A1FD1806BAC1865F2F7FA24E7E"
"android/app/src/main/kotlin\habitiq\app\discover\FlatHealth.kt","6390","A68363BD482920BFD98F4C6A6987600A551ADE51C70009F7483FE1A229F351ED"
"android/app/src/main/kotlin\habitiq\app\discover\DiscoverRanking.kt","2491","F28DAEFCDC70BB8D970AF98BC34506A4502FA50ECBF83DE8BE65797C1B2CC3E1"
"android/app/src/main/kotlin\habitiq\app\discover\DiscoverMode.kt","190","383F2677D01FFD2ABC53A41474725203ABD11E838316A7EB09877F137D25B3F6"
"android/app/src/main/kotlin\habitiq\app\discover\DiscoverFlags.kt","663","2A5B85B745C0ABB317EDBED95FB01D68B595DDF1FAED72345878DF314A625823"
"android/app/src/main/kotlin\habitiq\app\discover\DiscoverFilters.kt","7459","92A8A0A894BEC74AD94F07E6453188A40A671964E4FAC32D1A3360A32308B10E"
"android/app/src/main/kotlin\habitiq\app\ui\components\HqTextField.kt","3717","E9D6DA876AC47B0B8D274CF85E11226C149501BA1256AD222AA460D0D6481CB5"
"android/app/src/main/kotlin\habitiq\app\discover\DiscoverDomain.kt","3820","D5AD14B30E9FD2B7DF97B453B150C07D9B1F4A6809473039C551EF644CF8A364"
"android/app/src/main/kotlin\habitiq\app\discover\Compatibility.kt","4129","84D8B34C0BA85E3F9F9BE37C5A3D9226C61E79849C89C56AFA6E4C63674F3CD2"
"android/app/src/main/kotlin\habitiq\app\ui\components\HqSnackbar.kt","1375","1E558518D2DB11616C6C5A60A7B4C12FE26571DFD9DA197D75CEF0EE6F3180A7"
"android/app/src/main/kotlin\habitiq\app\ui\components\HqOverlays.kt","3056","6F7CEF2AC017653D6F574A041E86B5AE9C4EB495E6D386700FC21D7B95DF70F5"
"android/app/src/main/kotlin\habitiq\app\ui\components\HqFeedback.kt","5742","6FFC8FE94AE0E21CB6D2BEC101ACE8ABB193B5AA28D8AB600DF3FD7CA3B3E698"
"android/app/src/main/kotlin\habitiq\app\ui\components\HqChip.kt","1643","A63890B3A5383CF5A8D8FE89E1B97BB1042E510730C5ECFB681430A6154D21B3"
"android/app/src/main/kotlin\habitiq\app\ui\components\HqCard.kt","2255","D6B380FD47071A46EBE617B397D1B4017C1075FA3EF450D4435B97E71D39902A"
"android/app/src/main/kotlin\habitiq\app\ui\components\HqButton.kt","6077","B3CB793CAEA2B10CF7BC1508D951DCFE50BDC7A206F4B36DECCFEACD35EFA14D"
"android/app/src/main/kotlin\habitiq\app\ui\components\HqAvatar.kt","2662","75A0114C5074B5E7D8ED115310BED53976E8C271C6961BDBBA83A99584CCB375"
"android/app/src/main/kotlin\habitiq\app\ui\components\HqAppBar.kt","3097","7128B7324D1562A5F256ECCE06ECB1301DD323CBA916297652161807DCC0697D"
"android/app/src/main/kotlin\habitiq\app\ui\BillsScreen.kt","20570","70D1071FEEED2D8E89CDD3928E4ABBE2610013BB3520803517B31574BF864FE0"
"android/app/src/main/kotlin\habitiq\app\ui\AppShell.kt","4442","C99AA053B810C64B64601FC70B50AB94AB2BA65A40107CB102FA9F4A6AD8BCB4"
"android/app/src/main/kotlin\habitiq\app\flats\ShareLauncher.kt","498","CA5D1F33C96AB0A6CF824E69DC0EE27FA564C75E2CC6373D94A25406C358D0D6"
"android/app/src/main/kotlin\habitiq\app\flats\MembersRepository.kt","4182","66177861405AE78D59F4FDFF43E776FC4E8628B8BF5598FD9E51F9C77CEFF469"
"android/app/src/main/kotlin\habitiq\app\flats\JoinFlatViewModel.kt","3839","696181DC3A3388C2156F5099EE0DF98B8CA67963435AFA8795D9F71CFB3329DD"
"android/app/src/main/kotlin\habitiq\app\flats\HomeViewModel.kt","1754","79966F745DC954742081A6DA970BB4674C8ACBB5F8644815AE57D7362B086063"
"android/app/src/main/kotlin\habitiq\app\flats\FlatUiState.kt","227","D6EEF7BDEB36AA80FD9F74B546D0281C07CBE2364DD5C3E9E161329A0E2B608B"
"android/app/src/main/kotlin\habitiq\app\flats\FlatsRepository.kt","11841","4CC5827602892621E30F2DEA7A35954F136C4F485532DBEC4CA760F464FC5DE7"
"android/app/src/main/kotlin\habitiq\app\flats\FlatModels.kt","233","F7E613EE3841E1EB78A294FAF402766E38ECF4BBEA9AA4620AE78169CAA53057"
"android/app/src/main/kotlin\habitiq\app\flat\FlatViewModel.kt","36661","1A8452F0418DD353F8B1A59C70C86A4CBBB11764C4BCA44CA824162F9CF24122"
"android/app/src/main/kotlin\habitiq\app\flats\FlatIdGenerator.kt","1250","F4D4706DA6D063C5438C7818D26873CF6359441A00F7D0203134D04058EEC31D"
"android/app/src/main/kotlin\habitiq\app\flats\FlatHomeViewModel.kt","2294","2A0CB90D789311840A1FF06C3B9676E41F60F1352CE303A0497E087838243068"
"android/app/src/main/kotlin\habitiq\app\settings\SettingsViewModel.kt","1995","45069FFF5C5DC0C976ADCFF808DB224D35A36536AA85590665F7453201FBE796"
"android/app/src/main/kotlin\habitiq\app\settings\AppPreferences.kt","1634","4967DF84C0DBFEC0880784B8D6EEF4D47CDAB391FCA74A297EAD213616576B6D"
"android/app/src/main/kotlin\habitiq\app\flats\FlatException.kt","971","F1C9C44000232CA1C057FFC264FC7000F2B79039E2FA815B1864E63FF80C4D1F"
"android/app/src/main/kotlin\habitiq\app\flats\CreateFlatViewModel.kt","3785","DA26AB1A911C6814949A47D1214F8C20A78FE46C51E5546E6E6711042CA5899F"
"android/app/src/main/kotlin\habitiq\app\HabitiqApp.kt","35337","DD64E96AC0B3947741C24CA79CC320650FB7BA90EDC243DFF58EE7B90300F8AC"
"android/app/src/main/kotlin\habitiq\app\home\HomeDashboardViewModel.kt","6167","98F1380C15F2FA08C754D6C2DAE57791086C89D3BBAA73DDFBA45EFF0110F532"
"android/app/src/main/kotlin\habitiq\app\home\AdminHomeMode.kt","79","BA3084900A440C734193F03444D7030C26DAEB0648E70C7883E3EE011DC610A0"
"android/app/src/main/kotlin\habitiq\app\services\HabitiqFcmService.kt","1387","70BBCDAE96CDDF0DD0AC93AEC44854CCE78398E6284B45C112FFD4F519C20E93"
"android/app/src/main/kotlin\habitiq\app\services\FcmNotificationHelper.kt","3172","51EB799B71BE7885E160CBF879C3673B0AB750990C194177F8021CD8DB7DE36E"
"android/app/src/main/kotlin\habitiq\app\auth\AuthErrorMapper.kt","3030","FF8F8785F3B9CB97AB31D339C3F611D9E24E4AD8CC05073C76E7C6B7681847DA"
"android/app/src/main/kotlin\habitiq\app\auth\AuthCompletion.kt","1265","337A7559BDD6778E231FB39342D254079B8ECCD2C5233FA79BCC3A9ED00FC740"
"android/app/src/main/kotlin\habitiq\app\auth\AuthRepository.kt","2549","50E5B6CD2230B31F42D132F557C441F2B04FE075993D1D701EDB132024DFA33C"
"android/app/src/main/kotlin\habitiq\app\data\ActivityRepository.kt","2163","8B74AA1E571E3E6AC356CFDC2502B7C02D10B45BDCE520A9E0091F109613189A"
"android/app/src/main/kotlin\habitiq\app\analytics\AppAnalytics.kt","1231","0846A392D9B958E30D40A4A753A09A3C8DAE616ADED3A088889013698E587C35"
"android/app/src/main/kotlin\habitiq\app\data\BillsModels.kt","5859","F79D06C373A55C6E9A558434EE7E23517F73E24CB273C1A1265467B573428981"
"android/app/src/main/kotlin\habitiq\app\data\BillsRepository.kt","11632","1064F18682D2AA01598B318A904449E3370EBD0C3A066A5CBBBBA90A4BD08F18"
"android/app/src/main/kotlin\habitiq\app\auth\SignupViewModel.kt","2023","7EAAC2198951907F834D54AF3727AB0A31891DD53B3728B476345B9A6073AE6C"
"android/app/src/main/kotlin\habitiq\app\auth\LoginViewModel.kt","2422","09C8B01398D6DDEE4889F376B22D626775183C57C6122A2477CB55DACCE2F944"
"android/app/src/main/kotlin\habitiq\app\auth\GoogleSignInLauncher.kt","1218","4144893232B24F4F6D9CF27ECC38F532D4B0CBD132FA19AD4CA68A0BCDA8E3E8"
"android/app/src/main/kotlin\habitiq\app\auth\AuthUiState.kt","411","8FFAFD541B414B6195917365A6D3828ED295EAB46C2C3C546496099AB16F8482"
"android/app/src/main/kotlin\habitiq\app\data\DiscoveryRepository.kt","8442","197AD10B46BD64906D3708CD0D900505C0EA8182E4A3C19E049C7615EF5A2C50"
"android/app/src/main/kotlin\habitiq\app\data\UsersRepository.kt","6036","C6B2452358D31CAE5D4A335DD8A3DD10E2E4472F65915F2ACFEB5B86D86D1CA1"
"android/app/src/main/kotlin\habitiq\app\data\UserProfile.kt","125","9CA3595133A29703A857E31640BA2D40DF256337B64B351FF7C40BBC65994CAB"
"android/app/src/main/kotlin\habitiq\app\data\TasksRepository.kt","6117","60910D07B1B66792D3C211416A271899899CB918B0C074083E5C347B76C3B30D"
"android/app/src/main/kotlin\habitiq\app\data\TaskModels.kt","4517","DE1BD2E0A55FDA4E4E4450FF8CC342C2187BE11639DCF97457AADEEAABB6768A"
"android/app/src/main/kotlin\habitiq\app\data\SwapRepository.kt","3000","0337BB5CA436AAB0524E9A7EF0B192D8B1CB15A04908AC849C958B3BF17682D7"
"android/app/src/main/kotlin\habitiq\app\data\MessagingRepository.kt","4872","B782F1A7391D2F21A5929BEC9F38837A47D2FEA8519A7A5A6BD477B50A3C0DAB"
"android/app/src/main/kotlin\habitiq\app\data\ExpensesRepository.kt","5190","98765BA7D69785F324B503EC56ABD0D2A097B69C12015897994AF8CD5977DABB"
"HABITIQAPP.svg","940842","114EF1F41BFB501103559332317FFE0D38E08EE01F012C8944F3E2F8D75EB408"
"firestore.rules","17938","CEF2EEF2BA5BFEC9CC156250CB1738665448F8A08A51B114DA67F76A3DE62BB4"
"storage.rules","733","A118BF1EB71A85807E3C0754940E85EB52D6B5695EC41276679B30289C90B0A5"
"firebase.json","146","02A7DDD81E900DCBB67C1A040DE58BF6EB21516F93A83BC5107ADFA6CAC12020"
"package.json","1300","A9CD7DB42371CD14BAD1A4F3B23271F32E656D098DD4889E09A3AFD6294B1A6E"
"android/app/build.gradle.kts","3881","559A817465651CA7CA69C19B18ED75E7750B54D9F03B3ECA9D041FB70D3108FF"
"android/gradle/libs.versions.toml","3776","C85257BF221A5DE01085A11F78CDEADF44D4A84179E0D2D4D3F2A810058541A0"
