"Path","Lines","SHA256"
"hooks\useSubscription.ts","65","697143AE8BF30133AC3F6A716F93A6E5FE7FC7E8689A7D61F77D81DE6F3CCF28"
"contexts\PWAContext.tsx","82","600900F5C67AEB41A6EADBA5797433BB2F556CE7B6EB09C4C1AF56E16FC14985"
"store\useAuthStore.ts","290","8D555FAF266F076E88C130B3A7941B3856211A61641D0277F44903B371210178"
"store\useFlatStore.ts","1798","0B2FFEFE518C13035F9D3B7A49C9EB4B521E9EA4011715F3FE9A62D478607BCB"
"lib\utils.ts","6","D1F1E0D62CB8D8D1E04C26E14DE842D8A151F75812D81B046C65B5D1FE8E4B27"
"lib\settlementUtils.ts","207","851CD753C9792CEC179820B1DFB8F781FAB54CC1A9BF6F0DE80A636CD9AC455A"
"lib\rotationEngine.ts","238","B0243C985A25C8BC4387349441D04284DF3E5876CAE47309DD593E799037B184"
"lib\npsService.ts","45","2CD03CFD1137F4F602AE509F51B2DA3EB6455DAF937B9B9C3849579F336F21A2"
"lib\flatService.ts","509","0CA4AF9C00C772EE27C336EB43AF06D4ADBFA2A4AE68AF21CFF8DFB8039477FF"
"lib\firebase.ts","45","E1410C96D67B4B73DBA96947F2B976EF10167108E91A42991112818792BD15E9"
"lib\expenseUtils.ts","79","7714785B2F9CC3CB3E681A743F184B22F50E1E64F56F178B99954749B8E8A507"
"lib\discoveryTypes.ts","14","84E329BB27866BDC6E383798DC4842FD11DE2E422225DE1CE828589678603DC3"
"lib\couponService.ts","72","36EE0C68F11B273FF4B556D469F647CF7E2C71E899C76387283669700E5EC4AF"
"lib\behavioralEvents.ts","25","23FAA9ACEC74EEA255F6CF1FF1DB7239B27271BC69E8FC478A4ECF8D6695A4B9"
"components\ui\testimonial-slider.tsx","305","E86187FC23C5DED31255FB147B658143DD2506066A82982553D211D445BC35BA"
"components\ui\navbar.tsx","720","C27AD54C05F5046326F6FE2C7B158548D82A73FA1C60ABA146FFD9D4B5648584"
"components\ui\label.tsx","20","17C4BD996D8A32B0AB3D0AD2D9FCCFFAD24615FDD87D536034D6EA6C89D64213"
"components\ui\input.tsx","23","F386434537A44662082650024FA339F7F3AB902F28A034CD3F770EDF77B97178"
"components\ui\container-scroll-animation.tsx","94","25208D5C9517CFD27EDAEDCBE6465DB5E1708C171BDC1D55E485D91FF982AE62"
"components\ui\card.tsx","66","7E12E38A71B9823CAB4107602B6AD4531A7C927DD558CF20A56FE9312A9436AF"
"components\ui\button.tsx","37","23080CD07713E849CF734ADC2A3F9FEAA712FBCCAD4D795DCFBA8BE26C57B36E"
"components\ui\animated-tabs.tsx","138","4957EB29C0C649C072A114893FDCB922C8BA32A425A86C4B25E814CBE761393E"
"components\SubscriptionUpsell.tsx","355","3A009B7FC3940ABDCCD0867A65F65BDF1034DF97B793CCB0FDA0072B0E0B9343"
"components\SubscriptionGate.tsx","246","B16E136E71ACEDFACA9A8806236AAA0BF86580C53D1CDF4D5A6C75B40B866309"
"components\ServiceWorkerRegistration.tsx","11","3AEA3766BB5A5C956C7E5778848103FB5AED45BE1126B728115419FA7A738A81"
"components\PWAInstallPrompt.tsx","125","61E75320F635EAC78B558E36D35A31FE9C0C02CACE07BEA3A626982C25500156"
"components\NPSBanner.tsx","161","F0C835D46AF200AEE720F6FBDB5AB288C305877B712DF4861A23292A3EE76051"
"components\NotificationToast.tsx","117","BD50151B1D77B678F8295012E0F4EC92349A868AD8457E3ED1A1F1054AF97D8D"
"components\HeroCanvas.tsx","181","CA4D8A1E726436C051791B581A33BE264EB2019397BEC6783D9AC2450F6A620B"
"components\HabitiqLoadingScreen.tsx","22","71AB72131358502E449B7ED8FEB5A08A0D328F0F7A45D4EA0B538E89864C686F"
"components\GoingOutModal.tsx","107","8CABBF4681BC569A1D5E72FCCEFAD7A9F963F3795859ACE91739672B3F606D93"
"components\FlatSwitcher.tsx","128","2E6AAD39299E1520A7A03E53259F39F86ADBAB8ADE55C7B623199C40D679BB58"
"components\AuthProvider.tsx","53","010FFC3E34B232EBB673EA33AA31285AB9FBFEBE7D813C976DCB4BF2B00152DF"
"app\terms\page.tsx","253","225B6196D1BF04BB25D5D45121B682CEE7EA2DC25DFC38C2EB8BD3CEBF72AD6C"
"app\sitemap.ts","24","48F52DCEE29D42ED224D8360293D4722BBB270D5E1ECB11B33B94A73B804ED90"
"app\robots.ts","16","BFE3BA93CCB8708D96BB5681BC59748BFF0B570728473E294A47A27BEC35939C"
"app\onboarding\page.tsx","388","5A111AB5CE4BC71C840C360C12EA8360D1B497AC65AB975F4FB736FFBFB4F910"
"app\layout.tsx","191","6B6504A448D8D070D012B49031FDD80922A8140528BE7719BAB8081B3717AE9E"
"app\privacy\page.tsx","278","874B3741932CBBCDE7A6BB8749FADC4D5285C1983E504F9292294B2E1A6C0E8D"
"app\page.tsx","1287","D25D621E378D3513D6CCA48204BF813A43F56BC42DAA3D1216D7D81B190C6928"
"app\opengraph-image.tsx","120","F077D0EF0BB55138B7422A5EC19327E00E68AD40A247AACBE35545C0368D0947"
"app\dashboard\activity\page.tsx","255","A9F4DE02F3EF4B2799CEEA3994F11267E80B27B7A62ED24AB765C612F212D5F0"
"app\dashboard\tasks\page.tsx","1448","8DC9553CC4E648D22C1FC5B3717D329E0C040D9F52424DE491695A0F947A8A4A"
"app\(auth)\login\page.tsx","4","D16FA39D57B6E1B365A32116E8A06B620B53C3B119D5F328134A0CE72C7BC6D4"
"app\(auth)\join\page.tsx","7","0C000689248A762335BD11D7A7017793609061866CB4650CD2E43CA2026621A2"
"app\dashboard\manage-flat\page.tsx","317","84DC5378E421CA5F2AF917D24FDAED4640DFC837BBDAED4BE238E27170EE09F2"
"app\dashboard\layout.tsx","331","B0CF7B7B003CF3457A025DEC80CAF48FC830DE115465AE3085DA5EC4CCC4130A"
"app\dashboard\swaps\page.tsx","371","F367522764DA4856EB101DE9722DFBDCBA6898304C65A0C98B990CAACD2F77BF"
"app\dashboard\expenses\page.tsx","4562","0C6CC94B49774D3AEA81BE5843F18682D8767F4A89FEE7C049C98E885241AE09"
"app\dashboard\analytics\page.tsx","5","5BBB64F6FA65A6012BE00ADDD8A3F2649115828A77DCE1334675CB6F320883E8"
"app\dashboard\page.tsx","1253","14724816B68B6FDA16417D31FE23D4487C8A8F026B819E7814AAFD6E1B3D6BA7"
"app\dashboard\insights\page.tsx","768","833DAAB7D813CDC0A5882E622C8D02540ACC710BB6C51004401163E2DAB37B56"
"app\dashboard\settings\page.tsx","501","3C48A36FF50E823B53E027B4A7A98AB4EAD96347D7FE3681BE14076662476130"
"app\dashboard\calendar\page.tsx","5","00212910FE7573D39941A2F43B9D13378722090BEB8A687641EADB49765B1114"
"app\dashboard\profile\page.tsx","632","86E756F346FA416C50454A9590A625DA429657C4616994957F8775B2CB35C1BF"
"app\dashboard\members\page.tsx","502","4BDB8BAD954D19F3B3B81496DD2427ECC5064F0F06387849E61F266236FBD897"
"android/app/src/main/kotlin\habitiq\app\HabitiqApp.kt","597","4CFBA18EF24BC28A83818B9411F72C7962D489F06282897CF14C7F1209B9F7DD"
"android/app/src/main/kotlin\habitiq\app\MainActivity.kt","68","904F319FB1959A4B238315786C3C80A41A2B262DB0E606FB2556FADE4E540E02"
"android/app/src/main/kotlin\habitiq\app\auth\SignupViewModel.kt","53","7EAAC2198951907F834D54AF3727AB0A31891DD53B3728B476345B9A6073AE6C"
"android/app/src/main/kotlin\habitiq\app\auth\LoginViewModel.kt","66","09C8B01398D6DDEE4889F376B22D626775183C57C6122A2477CB55DACCE2F944"
"android/app/src/main/kotlin\habitiq\app\auth\GoogleSignInLauncher.kt","30","4144893232B24F4F6D9CF27ECC38F532D4B0CBD132FA19AD4CA68A0BCDA8E3E8"
"android/app/src/main/kotlin\habitiq\app\auth\AuthUiState.kt","10","8FFAFD541B414B6195917365A6D3828ED295EAB46C2C3C546496099AB16F8482"
"android/app/src/main/kotlin\habitiq\app\auth\AuthRepository.kt","62","50E5B6CD2230B31F42D132F557C441F2B04FE075993D1D701EDB132024DFA33C"
"android/app/src/main/kotlin\habitiq\app\auth\AuthErrorMapper.kt","47","FF8F8785F3B9CB97AB31D339C3F611D9E24E4AD8CC05073C76E7C6B7681847DA"
"android/app/src/main/kotlin\habitiq\app\auth\AuthCompletion.kt","36","337A7559BDD6778E231FB39342D254079B8ECCD2C5233FA79BCC3A9ED00FC740"
"app\dashboard\about\page.tsx","157","34ADA39ED24D07AA476ECD0897381B7190F054E2BE3052DC314E36BFE87DEF65"
"android/app/src/main/kotlin\habitiq\app\lib\TaskDateUtils.kt","58","EE51DB11C0EDE844D7296F778689C39A2CCDF2C6E427C12DC8FE941005D96391"
"android/app/src/main/kotlin\habitiq\app\lib\SettlementUtils.kt","123","21A4FB8DA6BBBC323EF2DAE468BD411A291B8ACF05D9D613FEACCC37D3B57875"
"android/app/src/main/kotlin\habitiq\app\lib\RotationEngine.kt","54","885C2E69ED7C02D1BCEC595356140AF637BD588A51BD20E54A7BBA0CE7313E71"
"android/app/src/main/kotlin\habitiq\app\flats\ShareLauncher.kt","14","CA5D1F33C96AB0A6CF824E69DC0EE27FA564C75E2CC6373D94A25406C358D0D6"
"android/app/src/main/kotlin\habitiq\app\flats\MembersRepository.kt","94","66177861405AE78D59F4FDFF43E776FC4E8628B8BF5598FD9E51F9C77CEFF469"
"android/app/src/main/kotlin\habitiq\app\flats\JoinFlatViewModel.kt","95","696181DC3A3388C2156F5099EE0DF98B8CA67963435AFA8795D9F71CFB3329DD"
"android/app/src/main/kotlin\habitiq\app\flats\HomeViewModel.kt","54","79966F745DC954742081A6DA970BB4674C8ACBB5F8644815AE57D7362B086063"
"android/app/src/main/kotlin\habitiq\app\flats\FlatUiState.kt","8","D6EEF7BDEB36AA80FD9F74B546D0281C07CBE2364DD5C3E9E161329A0E2B608B"
"android/app/src/main/kotlin\habitiq\app\flats\FlatsRepository.kt","238","F31DD679D6B67B9689C2878F417502DBD0964854F146F3017622D6ECBF53EFD2"
"android/app/src/main/kotlin\habitiq\app\flats\FlatModels.kt","10","F7E613EE3841E1EB78A294FAF402766E38ECF4BBEA9AA4620AE78169CAA53057"
"android/app/src/main/kotlin\habitiq\app\flats\FlatIdGenerator.kt","26","F4D4706DA6D063C5438C7818D26873CF6359441A00F7D0203134D04058EEC31D"
"android/app/src/main/kotlin\habitiq\app\flats\FlatHomeViewModel.kt","70","2A0CB90D789311840A1FF06C3B9676E41F60F1352CE303A0497E087838243068"
"android/app/src/main/kotlin\habitiq\app\flats\FlatException.kt","19","F1F1E86F911D72B8BA99D23FC9BE2D7F3F508A23A31122A675AB744027716839"
"android/app/src/main/kotlin\habitiq\app\flats\CreateFlatViewModel.kt","88","DA26AB1A911C6814949A47D1214F8C20A78FE46C51E5546E6E6711042CA5899F"
"app\dashboard\members\[uid]\page.tsx","191","28CD78B2BFC40E11B5A38BEFE10860C05EE9CC2E20F84C21D3D0AE97B077A10D"
"android/app/src/main/kotlin\habitiq\app\analytics\AppAnalytics.kt","35","0846A392D9B958E30D40A4A753A09A3C8DAE616ADED3A088889013698E587C35"
"app\api\pwa-icon\[size]\route.tsx","24","F68FB52F012CD219C7D3DDD1318EEC4A748F0DDC345A7F793FD0FC8E8FA116AD"
"android/app/src/main/kotlin\habitiq\app\home\HomeDashboardViewModel.kt","140","98F1380C15F2FA08C754D6C2DAE57791086C89D3BBAA73DDFBA45EFF0110F532"
"android/app/src/main/kotlin\habitiq\app\home\AdminHomeMode.kt","6","BA3084900A440C734193F03444D7030C26DAEB0648E70C7883E3EE011DC610A0"
"android/app/src/main/kotlin\habitiq\app\flat\FlatViewModel.kt","711","A9DACB6F2822BF166EAC6842C182980AA7FC4BDB0BA498E278E429D177386B82"
"android/app/src/main/kotlin\habitiq\app\services\FcmNotificationHelper.kt","79","51EB799B71BE7885E160CBF879C3673B0AB750990C194177F8021CD8DB7DE36E"
"android/app/src/main/kotlin\habitiq\app\services\HabitiqFcmService.kt","37","70BBCDAE96CDDF0DD0AC93AEC44854CCE78398E6284B45C112FFD4F519C20E93"
"android/app/src/main/kotlin\habitiq\app\settings\AppPreferences.kt","38","4967DF84C0DBFEC0880784B8D6EEF4D47CDAB391FCA74A297EAD213616576B6D"
"android/app/src/main/kotlin\habitiq\app\settings\SettingsViewModel.kt","53","45069FFF5C5DC0C976ADCFF808DB224D35A36536AA85590665F7453201FBE796"
"android/app/src/main/kotlin\habitiq\app\data\ActivityRepository.kt","57","8B74AA1E571E3E6AC356CFDC2502B7C02D10B45BDCE520A9E0091F109613189A"
"android/app/src/main/kotlin\habitiq\app\data\BillsModels.kt","187","514161FF1EEAC7ADC8F3EC6EBCF6FEDF4A29CD1D48FE5062DAB49C186F57E804"
"android/app/src/main/kotlin\habitiq\app\data\BillsRepository.kt","237","1064F18682D2AA01598B318A904449E3370EBD0C3A066A5CBBBBA90A4BD08F18"
"android/app/src/main/kotlin\habitiq\app\data\DiscoveryRepository.kt","176","0A879F61DA1C11EC266CF2466A2F9584B53BAC6F525D0EB12F93B10C8ED58676"
"android/app/src/main/kotlin\habitiq\app\data\UsersRepository.kt","126","DF25646AF7DEF54185DF881E3FBEFF5B3FBB68AB4F2EFD7E535586A368881B27"
"android/app/src/main/kotlin\habitiq\app\data\UserProfile.kt","7","9CA3595133A29703A857E31640BA2D40DF256337B64B351FF7C40BBC65994CAB"
"android/app/src/main/kotlin\habitiq\app\data\TasksRepository.kt","154","87ECB2DB754A179E3F13B702823AAB919BA620CB061E6E21F8236C38C4226E2D"
"android/app/src/main/kotlin\habitiq\app\data\TaskModels.kt","135","EF3196556E2B34F4E0F2F6B8471E5E1355AFAEE3D4E0940D52B12E0155AC8A1D"
"android/app/src/main/kotlin\habitiq\app\data\SwapRepository.kt","78","0337BB5CA436AAB0524E9A7EF0B192D8B1CB15A04908AC849C958B3BF17682D7"
"android/app/src/main/kotlin\habitiq\app\data\MessagingRepository.kt","99","AC4D76ACC86DE968928C68E5357C9DF1A51730FCA922B692E0324D0A9B882243"
"android/app/src/main/kotlin\habitiq\app\data\ExpensesRepository.kt","118","98765BA7D69785F324B503EC56ABD0D2A097B69C12015897994AF8CD5977DABB"
"android/app/src/main/kotlin\habitiq\app\discover\LocationIntelligence.kt","118","670D73FC2BAE3966AF49D9354A955AF4E6DF31A1FD1806BAC1865F2F7FA24E7E"
"android/app/src/main/kotlin\habitiq\app\discover\FlatHealth.kt","158","A68363BD482920BFD98F4C6A6987600A551ADE51C70009F7483FE1A229F351ED"
"android/app/src/main/kotlin\habitiq\app\discover\DiscoverRanking.kt","57","F28DAEFCDC70BB8D970AF98BC34506A4502FA50ECBF83DE8BE65797C1B2CC3E1"
"android/app/src/main/kotlin\habitiq\app\discover\DiscoverMode.kt","7","383F2677D01FFD2ABC53A41474725203ABD11E838316A7EB09877F137D25B3F6"
"android/app/src/main/kotlin\habitiq\app\discover\DiscoverFlags.kt","18","2A5B85B745C0ABB317EDBED95FB01D68B595DDF1FAED72345878DF314A625823"
"android/app/src/main/kotlin\habitiq\app\discover\DiscoverFilters.kt","176","92A8A0A894BEC74AD94F07E6453188A40A671964E4FAC32D1A3360A32308B10E"
"android/app/src/main/kotlin\habitiq\app\discover\DiscoverDomain.kt","138","D5AD14B30E9FD2B7DF97B453B150C07D9B1F4A6809473039C551EF644CF8A364"
"android/app/src/main/kotlin\habitiq\app\discover\Compatibility.kt","81","84D8B34C0BA85E3F9F9BE37C5A3D9226C61E79849C89C56AFA6E4C63674F3CD2"
"android/app/src/main/kotlin\habitiq\app\ui\theme\Theme.kt","45","838575D4D2787B557A36553AFE573CC96D9809D48BFEEA1BF8CADBE8A404928D"
"android/app/src/main/kotlin\habitiq\app\ui\theme\HqTypography.kt","53","A15664866F7A63138DDA8DF6F621967226E1958725D531CF8AA9919110F05135"
"android/app/src/main/kotlin\habitiq\app\ui\theme\HqSpacing.kt","50","C6E050733A43EF416239EACD7388B8094A16A3AF2DF0BBE505ABA3A03FC218C5"
"android/app/src/main/kotlin\habitiq\app\ui\theme\HqColorTokens.kt","128","C1A9474583844177E9FB249305D2753CE38EFC0DAAC7DA802B7CDB7C18F1771D"
"android/app/src/main/kotlin\habitiq\app\ui\theme\FigmaColors.kt","42","5C54D550CD673C7C3732F461AC2752E4EF15B547D7931257985CC5B78DA89376"
"android/app/src/main/kotlin\habitiq\app\ui\theme\BrandColors.kt","22","AF8931ABAF93DDA557A54EF3E73E6C130DDE5DBD11348E3A0D487B2121B2116C"
"android/app/src/main/kotlin\habitiq\app\ui\TasksScreen.kt","232","612CCF32BCD684BC7E150DFE53698E3A365B895B5B8D69A6C56201A41EE20EF6"
"android/app/src/main/kotlin\habitiq\app\ui\SignupScreen.kt","137","BE1A5896E67CFCED11572A3980C3D55D40C531A2F03F8BA44BCFEEBEBF29F688"
"android/app/src/main/kotlin\habitiq\app\ui\SettingsScreen.kt","114","AC95D4FDA6C3C590EE0130CC091350F532158EE0FF21F719C5EEDF14398F3FAC"
"android/app/src/main/kotlin\habitiq\app\ui\ProfileScreen.kt","527","51F4C089CFBB4C07BCA5C6C2EA87F3D7CC27E68EF0FEB95FCFBF72112FD60604"
"android/app/src/main/kotlin\habitiq\app\ui\PlusActionSheet.kt","51","FDB1E3CC166E268914B67648A03C42B81096F9C126154C03224B34F65566EBEB"
"android/app/src/main/kotlin\habitiq\app\ui\MembersScreen.kt","85","013438285E1545796D8C7C77E52BF0ED168D001770EF1CFD8B3AF9237015C156"
"android/app/src/main/kotlin\habitiq\app\ui\ManageFlatHub.kt","313","6C8DA1E2A1BC54F2ACEB260DE57B9C5A60B9CFC5A650D129FAA6637BA7663DFB"
"android/app/src/main/kotlin\habitiq\app\ui\LoginScreen.kt","147","5ED93B4934521CF88E186D9B2B5DF06E99B2624C63C35AB2A7FCAF0165A56ADD"
"android/app/src/main/kotlin\habitiq\app\ui\JoinFlatScreen.kt","150","DEB24071372F3E52988D67E96F7C50A86BB1BB5F3BBFA382FEF354C99516FA07"
"android/app/src/main/kotlin\habitiq\app\ui\IntentChooserScreen.kt","190","E7812ADB4135965AEB69C811475ACC3C8B0A4D4798EBCC9E893846DBAE088B25"
"android/app/src/main/kotlin\habitiq\app\ui\FlatSwitcherSheet.kt","41","AC9E57862A67783286A1C8F3B7D15DA45BE3C4BD37F74AA3CF1A1825AF4B4894"
"android/app/src/main/kotlin\habitiq\app\ui\FlatSettingsScreen.kt","96","2C01536F231CAA726C50D131D1301840DB25817568A650620194898162AC7C96"
"android/app/src/main/kotlin\habitiq\app\ui\FlatOnboardingHeader.kt","114","5547C9A4AE3712A23CF8EC18CD921C5023F2AA3B03AE272758449B4123398C4D"
"android/app/src/main/kotlin\habitiq\app\ui\FigmaHomeScreen.kt","459","CC18E65FA6584F75ABF4C9E767E93238E58E41870368C38891A102FDD4815D2E"
"android/app/src/main/kotlin\habitiq\app\ui\ComposeUtil.kt","9","5EADD7B48D8CCCD6CE32248E40467D2B366721CCD9FF311C2E85216F86913F62"
"android/app/src/main/kotlin\habitiq\app\ui\AppShell.kt","96","533F6F848D2A9D8B9F06A75B96D71A089D1F810501280544B9EB94C462BA43EF"
"android/app/src/main/kotlin\habitiq\app\ui\ActivityLogScreen.kt","42","80760E9DFABFA38E913D7BCB5CC16D230F66B9376141C30E275396D79577420E"
"android/app/src/main/kotlin\habitiq\app\ui\BillsScreen.kt","279","BBD45D189262854B208C9D35D6044A0F501A27491FED32E1F6D7714D9E89AC99"
"android/app/src/main/kotlin\habitiq\app\ui\CreateFlatScreen.kt","135","6FA2E877E06D164C94BA289E6B6F42C64B21682DFD6651D368E82CCE313C7E33"
"android/app/src/main/kotlin\habitiq\app\ui\DiscoverBoardScreen.kt","691","C54E6843DEDA860D5D0BDA123BA298A0199CA501DAB6CCF6224A8F780513F7C6"
"android/app/src/main/kotlin\habitiq\app\ui\ExpensesScreen.kt","200","C60597CB7271CC48F4F664C6FD5CE7037FA92FEF2B6683FD0B97231C5DFEC138"
"android/app/src/main/kotlin\habitiq\app\ui\figma\TaskDetailScreen.kt","219","D0EA5CC4DEF4486DC015921274B080C0A8E36F1E6445CD42D997B6F4A77A5255"
"android/app/src/main/kotlin\habitiq\app\ui\figma\TaskCategoryLabel.kt","25","982A2BDB8F67A17E4EBA7DFFE4897A8F79822F4E9794DB2F42932A0C1BF05B8C"
"android/app/src/main/kotlin\habitiq\app\ui\figma\SwapRequestBanner.kt","67","0F0629122DD7DFE28D85B2E257A9B9AF03860846E9E93F278A953701B331CB8E"
"android/app/src/main/kotlin\habitiq\app\ui\figma\MapLocationPicker.kt","74","A79BFD34DA97B9AC1A8D8A2F448D464D184FE6F9F24428B402C12DF455E274A7"
"android/app/src/main/kotlin\habitiq\app\ui\discover\UseAFlatDiscover.kt","336","EE14FC59F67BE7754ADEF7A71C9CAF78012CDD800E2D39A26B76BF3DE4A72B94"
"android/app/src/main/kotlin\habitiq\app\ui\discover\TrustBadge.kt","84","2421DF00115F48D32CBE48CBCC01CDAC3EDF8708640D76CA194489A4D8C6CB44"
"android/app/src/main/kotlin\habitiq\app\ui\discover\MyPostsScreen.kt","150","82D0B3FEE0CF1D31BFD6990DD91B024F57C353D45B7BAD8488F58737200A7098"
"android/app/src/main/kotlin\habitiq\app\ui\discover\FlatListingDetailScreen.kt","251","98ECB83B0FC54BF47C881A23C912CA2475BA88E82DE71DCA7D024AB85E649CE1"
"android/app/src/main/kotlin\habitiq\app\ui\discover\FindFlatmateDiscover.kt","279","5B20D694D49D13021FB4516DEF5546B83F8A05E2BF624813419B95AC680FB573"
"android/app/src/main/kotlin\habitiq\app\ui\discover\DiscoveryStates.kt","92","E0B47916F68A6A9E322EB055217EA429583B464F11704D095A44D72C29C081AB"
"android/app/src/main/kotlin\habitiq\app\ui\discover\DiscoverFilterSheet.kt","244","51B56D904563D7BF480420A3F0004C70A744E2B4B1FA16B231C2CA8D8CFD5E3C"
"android/app/src/main/kotlin\habitiq\app\ui\discover\CreateDiscoveryPostScreen.kt","249","D7FBF002A24A483A37C1A4245362F4BD75B76981F9D6F2D041F2ADAC8B04B1D5"
"android/app/src/main/kotlin\habitiq\app\ui\discover\ConnectionSafetySheets.kt","151","0FA201044D69F915202F4897BC3B2643609570C1C9CA7D3AE499176A9B1AF1AC"
"android/app/src/main/kotlin\habitiq\app\ui\figma\CreateTaskScreens.kt","181","7F2E10C3F4DE877C90AA69B680DE9C46C0FBCE666D69C5701EA5B60F1FEC3B22"
"android/app/src/main/kotlin\habitiq\app\ui\figma\CreateFlatLocationScreen.kt","103","D53D73004FBFA77883F8D62FFED8EE453A80521B0EAFCA58E68D72E0DF24C8F1"
"android/app/src/main/kotlin\habitiq\app\ui\figma\CreateFlatBasicsPremiumScreen.kt","160","633D877641787EB2D1542C581358F97FA42A99B66DF6273B556FD8E0EBD302D9"
"android/app/src/main/kotlin\habitiq\app\ui\figma\CreateFlatBasicsBrilliantScreen.kt","153","82A895C71FD98060BEA620C9948A1954F56F5E772BBCEE69B107FA3F7CD6A72C"
"android/app/src/main/kotlin\habitiq\app\ui\figma\FigmaPrimitives.kt","176","FBC42E607189D3BD947575452D3A669899E6C0A13A7E05DFF4DBE0BBC0DC7886"
"android/app/src/main/kotlin\habitiq\app\ui\figma\CreateTaskTypeScreen.kt","122","C718C8AE17A1605EB0AF5E9541A38F77A6762D196B1273C23470FA4D899E90D1"
"android/app/src/main/kotlin\habitiq\app\ui\figma\FlatWizardHeader.kt","210","9529FDC8A6EF393BBB422B5D3F03247F652D4F2849BD95676CE4960B730C80B7"
"android/app/src/main/kotlin\habitiq\app\ui\figma\GoingAwayScreen.kt","234","50DD9763A5FBCA34D54BEF27DCD60C5A0B8317E4404A432D4B857891D2F02D17"
"android/app/src/main/kotlin\habitiq\app\ui\components\HqTextField.kt","81","4BC975E9689849CBA9626A44FBFF60B21382C23CDF990313B6766C141AB085C6"
"android/app/src/main/kotlin\habitiq\app\ui\components\HqSnackbar.kt","35","1E558518D2DB11616C6C5A60A7B4C12FE26571DFD9DA197D75CEF0EE6F3180A7"
"android/app/src/main/kotlin\habitiq\app\ui\components\HqOverlays.kt","74","6F7CEF2AC017653D6F574A041E86B5AE9C4EB495E6D386700FC21D7B95DF70F5"
"android/app/src/main/kotlin\habitiq\app\ui\components\HqFeedback.kt","135","6FFC8FE94AE0E21CB6D2BEC101ACE8ABB193B5AA28D8AB600DF3FD7CA3B3E698"
"android/app/src/main/kotlin\habitiq\app\ui\components\HqChip.kt","48","A63890B3A5383CF5A8D8FE89E1B97BB1042E510730C5ECFB681430A6154D21B3"
"android/app/src/main/kotlin\habitiq\app\ui\components\HqCard.kt","56","D6B380FD47071A46EBE617B397D1B4017C1075FA3EF450D4435B97E71D39902A"
"android/app/src/main/kotlin\habitiq\app\ui\components\HqButton.kt","131","6B1FD2FF0F57824E9727C59863D98C3A921ED5AE618270CF7966298A60E0039E"
"android/app/src/main/kotlin\habitiq\app\ui\components\HqAvatar.kt","71","75A0114C5074B5E7D8ED115310BED53976E8C271C6961BDBBA83A99584CCB375"
"android/app/src/main/kotlin\habitiq\app\ui\components\HqAppBar.kt","70","7128B7324D1562A5F256ECCE06ECB1301DD323CBA916297652161807DCC0697D"
